{
  "project_info": {
    "project_number": "1048902502921",
    "firebase_url": "https://project-c8c5b-default-rtdb.firebaseio.com",
    "project_id": "project-c8c5b",
    "storage_bucket": "project-c8c5b.appspot.com"
  },
  "client": [
    {
      "client_info": {
        "mobilesdk_app_id": "1:1048902502921:android:1f53a96fa9f42e54de46d8",
        "android_client_info": {
          "package_name": "com.example.myapplicationintent"
        }
      },
      "oauth_client": [
        {
          "client_id": "1048902502921-smbeouof8cg1obb5tlae86c1oiv6jmqk.apps.googleusercontent.com",
          "client_type": 3
        }
      ],
      "api_key": [
        {
          "current_key": "AIzaSyCfuUcxQYb4BIS_AHiZGr-6o5wmonDnYCM"
        }
      ],
      "services": {
        "appinvite_service": {
          "other_platform_oauth_client": [
            {
              "client_id": "1048902502921-smbeouof8cg1obb5tlae86c1oiv6jmqk.apps.googleusercontent.com",
              "client_type": 3
            }
          ]
        }
      }
    },
    {
      "client_info": {
        "mobilesdk_app_id": "1:1048902502921:android:2674ad438618fd0fde46d8",
        "android_client_info": {
          "package_name": "com.example.myapplicationpppp"
        }
      },
      "oauth_client": [
        {
          "client_id": "1048902502921-smbeouof8cg1obb5tlae86c1oiv6jmqk.apps.googleusercontent.com",
          "client_type": 3
        }
      ],
      "api_key": [
        {
          "current_key": "AIzaSyCfuUcxQYb4BIS_AHiZGr-6o5wmonDnYCM"
        }
      ],
      "services": {
        "appinvite_service": {
          "other_platform_oauth_client": [
            {
              "client_id": "1048902502921-smbeouof8cg1obb5tlae86c1oiv6jmqk.apps.googleusercontent.com",
              "client_type": 3
            }
          ]
        }
      }
    }
  ],
  "configuration_version": "1"
}